id,name,date,daste,zirdaste,mablagh,sahm
0,id4,1397-01-12,Ghabz,Water,266,32
0,id3,1397-01-12,Ghabz,Water,266,32
0,id5,1397-01-12,Ghabz,Water,266,56
0,id10,1397-01-12,Ghabz,Water,266,40
0,id1,1397-01-12,Ghabz,Water,266,16
0,id8,1397-01-12,Ghabz,Water,266,48
0,id9,1397-01-12,Ghabz,Water,266,40
1,id4,1397-02-14,Ghabz,Water,283,37
1,id5,1397-02-14,Ghabz,Water,283,66
1,id1,1397-02-14,Ghabz,Water,283,18
1,id8,1397-02-14,Ghabz,Water,283,56
1,id9,1397-02-14,Ghabz,Water,283,47
1,id7,1397-02-14,Ghabz,Water,283,18
1,id2,1397-02-14,Ghabz,Water,283,9
1,id6,1397-02-14,Ghabz,Water,283,28
4,id4,1397-05-11,Ghabz,Water,193,25
4,id3,1397-05-11,Ghabz,Water,193,25
4,id5,1397-05-11,Ghabz,Water,193,45
4,id10,1397-05-11,Ghabz,Water,193,32
4,id1,1397-05-11,Ghabz,Water,193,12
4,id9,1397-05-11,Ghabz,Water,193,32
4,id7,1397-05-11,Ghabz,Water,193,12
4,id2,1397-05-11,Ghabz,Water,193,6
5,id4,1397-06-11,Ghabz,Water,188,19
5,id3,1397-06-11,Ghabz,Water,188,19
5,id5,1397-06-11,Ghabz,Water,188,33
5,id10,1397-06-11,Ghabz,Water,188,24
5,id1,1397-06-11,Ghabz,Water,188,9
5,id8,1397-06-11,Ghabz,Water,188,28
5,id9,1397-06-11,Ghabz,Water,188,24
5,id7,1397-06-11,Ghabz,Water,188,9
5,id2,1397-06-11,Ghabz,Water,188,4
5,id6,1397-06-11,Ghabz,Water,188,14
11,id4,1397-12-05,Ghabz,Water,381,56
11,id5,1397-12-05,Ghabz,Water,381,98
11,id10,1397-12-05,Ghabz,Water,381,70
11,id8,1397-12-05,Ghabz,Water,381,84
11,id7,1397-12-05,Ghabz,Water,381,28
11,id6,1397-12-05,Ghabz,Water,381,42
12,id4,1398-01-07,Ghabz,Water,327,52
12,id5,1398-01-07,Ghabz,Water,327,91
12,id10,1398-01-07,Ghabz,Water,327,65
12,id8,1398-01-07,Ghabz,Water,327,78
12,id7,1398-01-07,Ghabz,Water,327,26
12,id2,1398-01-07,Ghabz,Water,327,13
13,id4,1398-02-10,Ghabz,Water,212,25
13,id3,1398-02-10,Ghabz,Water,212,25
13,id5,1398-02-10,Ghabz,Water,212,44
13,id10,1398-02-10,Ghabz,Water,212,32
13,id1,1398-02-10,Ghabz,Water,212,12
13,id9,1398-02-10,Ghabz,Water,212,32
13,id7,1398-02-10,Ghabz,Water,212,12
13,id2,1398-02-10,Ghabz,Water,212,6
13,id6,1398-02-10,Ghabz,Water,212,19
17,id4,1398-06-05,Ghabz,Water,371,296
17,id2,1398-06-05,Ghabz,Water,371,74
18,id4,1398-07-03,Ghabz,Water,395,60
18,id3,1398-07-03,Ghabz,Water,395,60
18,id1,1398-07-03,Ghabz,Water,395,30
18,id8,1398-07-03,Ghabz,Water,395,91
18,id9,1398-07-03,Ghabz,Water,395,75
18,id7,1398-07-03,Ghabz,Water,395,30
18,id6,1398-07-03,Ghabz,Water,395,45
19,id4,1398-08-02,Ghabz,Water,419,42
19,id3,1398-08-02,Ghabz,Water,419,42
19,id5,1398-08-02,Ghabz,Water,419,75
19,id10,1398-08-02,Ghabz,Water,419,53
19,id1,1398-08-02,Ghabz,Water,419,21
19,id8,1398-08-02,Ghabz,Water,419,64
19,id9,1398-08-02,Ghabz,Water,419,53
19,id7,1398-08-02,Ghabz,Water,419,21
19,id2,1398-08-02,Ghabz,Water,419,10
19,id6,1398-08-02,Ghabz,Water,419,32
23,id4,1398-12-03,Ghabz,Water,311,77
23,id3,1398-12-03,Ghabz,Water,311,77
23,id5,1398-12-03,Ghabz,Water,311,136
23,id2,1398-12-03,Ghabz,Water,311,19
24,id4,1399-01-01,Ghabz,Water,272,40
24,id3,1399-01-01,Ghabz,Water,272,40
24,id5,1399-01-01,Ghabz,Water,272,70
24,id1,1399-01-01,Ghabz,Water,272,20
24,id8,1399-01-01,Ghabz,Water,272,60
24,id2,1399-01-01,Ghabz,Water,272,10
24,id6,1399-01-01,Ghabz,Water,272,30
25,id4,1399-02-04,Ghabz,Water,267,27
25,id3,1399-02-04,Ghabz,Water,267,27
25,id5,1399-02-04,Ghabz,Water,267,47
25,id10,1399-02-04,Ghabz,Water,267,34
25,id1,1399-02-04,Ghabz,Water,267,13
25,id8,1399-02-04,Ghabz,Water,267,41
25,id9,1399-02-04,Ghabz,Water,267,34
25,id7,1399-02-04,Ghabz,Water,267,13
25,id2,1399-02-04,Ghabz,Water,267,6
25,id6,1399-02-04,Ghabz,Water,267,20
27,id4,1397-01-08,Ghabz,bargh,92,21
27,id10,1397-01-08,Ghabz,bargh,92,27
27,id1,1397-01-08,Ghabz,bargh,92,10
27,id9,1397-01-08,Ghabz,bargh,92,27
27,id2,1397-01-08,Ghabz,bargh,92,5
30,id4,1397-05-24,Ghabz,bargh,111,40
30,id10,1397-05-24,Ghabz,bargh,111,50
30,id1,1397-05-24,Ghabz,bargh,111,20
31,id4,1397-07-08,Ghabz,bargh,108,12
31,id3,1397-07-08,Ghabz,bargh,108,12
31,id5,1397-07-08,Ghabz,bargh,108,22
31,id10,1397-07-08,Ghabz,bargh,108,15
31,id8,1397-07-08,Ghabz,bargh,108,19
31,id9,1397-07-08,Ghabz,bargh,108,15
31,id7,1397-07-08,Ghabz,bargh,108,6
31,id2,1397-07-08,Ghabz,bargh,108,3
32,id4,1397-08-23,Ghabz,bargh,116,13
32,id3,1397-08-23,Ghabz,bargh,116,13
32,id5,1397-08-23,Ghabz,bargh,116,23
32,id1,1397-08-23,Ghabz,bargh,116,6
32,id8,1397-08-23,Ghabz,bargh,116,20
32,id9,1397-08-23,Ghabz,bargh,116,17
32,id7,1397-08-23,Ghabz,bargh,116,6
32,id2,1397-08-23,Ghabz,bargh,116,3
32,id6,1397-08-23,Ghabz,bargh,116,10
33,id4,1397-10-02,Ghabz,bargh,115,14
33,id3,1397-10-02,Ghabz,bargh,115,14
33,id5,1397-10-02,Ghabz,bargh,115,25
33,id10,1397-10-02,Ghabz,bargh,115,17
33,id8,1397-10-02,Ghabz,bargh,115,21
33,id7,1397-10-02,Ghabz,bargh,115,7
33,id2,1397-10-02,Ghabz,bargh,115,3
33,id6,1397-10-02,Ghabz,bargh,115,10
35,id4,1398-01-06,Ghabz,bargh,131,14
35,id3,1398-01-06,Ghabz,bargh,131,14
35,id5,1398-01-06,Ghabz,bargh,131,24
35,id10,1398-01-06,Ghabz,bargh,131,17
35,id8,1398-01-06,Ghabz,bargh,131,21
35,id9,1398-01-06,Ghabz,bargh,131,17
35,id7,1398-01-06,Ghabz,bargh,131,7
35,id2,1398-01-06,Ghabz,bargh,131,3
35,id6,1398-01-06,Ghabz,bargh,131,10
36,id4,1398-02-23,Ghabz,bargh,110,14
36,id3,1398-02-23,Ghabz,bargh,110,14
36,id5,1398-02-23,Ghabz,bargh,110,24
36,id1,1398-02-23,Ghabz,bargh,110,7
36,id8,1398-02-23,Ghabz,bargh,110,21
36,id9,1398-02-23,Ghabz,bargh,110,17
36,id7,1398-02-23,Ghabz,bargh,110,7
36,id2,1398-02-23,Ghabz,bargh,110,3
37,id4,1398-04-02,Ghabz,bargh,126,21
37,id3,1398-04-02,Ghabz,bargh,126,21
37,id1,1398-04-02,Ghabz,bargh,126,10
37,id8,1398-04-02,Ghabz,bargh,126,31
37,id9,1398-04-02,Ghabz,bargh,126,26
37,id7,1398-04-02,Ghabz,bargh,126,10
37,id2,1398-04-02,Ghabz,bargh,126,5
38,id4,1398-05-20,Ghabz,bargh,132,17
38,id3,1398-05-20,Ghabz,bargh,132,17
38,id5,1398-05-20,Ghabz,bargh,132,29
38,id10,1398-05-20,Ghabz,bargh,132,21
38,id9,1398-05-20,Ghabz,bargh,132,21
38,id7,1398-05-20,Ghabz,bargh,132,8
38,id2,1398-05-20,Ghabz,bargh,132,4
38,id6,1398-05-20,Ghabz,bargh,132,12
39,id4,1398-06-30,Ghabz,bargh,123,41
39,id10,1398-06-30,Ghabz,bargh,123,51
39,id7,1398-06-30,Ghabz,bargh,123,20
39,id2,1398-06-30,Ghabz,bargh,123,10
42,id4,1398-11-18,Ghabz,bargh,157,29
42,id10,1398-11-18,Ghabz,bargh,157,37
42,id8,1398-11-18,Ghabz,bargh,157,44
42,id9,1398-11-18,Ghabz,bargh,157,37
42,id2,1398-11-18,Ghabz,bargh,157,7
43,id4,1399-01-01,Ghabz,bargh,143,15
43,id3,1399-01-01,Ghabz,bargh,143,15
43,id5,1399-01-01,Ghabz,bargh,143,27
43,id10,1399-01-01,Ghabz,bargh,143,19
43,id1,1399-01-01,Ghabz,bargh,143,7
43,id8,1399-01-01,Ghabz,bargh,143,23
43,id9,1399-01-01,Ghabz,bargh,143,19
43,id2,1399-01-01,Ghabz,bargh,143,3
43,id6,1399-01-01,Ghabz,bargh,143,11
45,id4,1397-01-08,Ghabz,gaz,309,154
45,id10,1397-01-08,Ghabz,gaz,309,154
48,id4,1397-05-07,Ghabz,gaz,302,28
48,id3,1397-05-07,Ghabz,gaz,302,47
48,id5,1397-05-07,Ghabz,gaz,302,47
48,id8,1397-05-07,Ghabz,gaz,302,28
48,id9,1397-05-07,Ghabz,gaz,302,47
48,id7,1397-05-07,Ghabz,gaz,302,47
48,id2,1397-05-07,Ghabz,gaz,302,28
48,id6,1397-05-07,Ghabz,gaz,302,28
49,id4,1397-06-17,Ghabz,gaz,435,62
49,id1,1397-06-17,Ghabz,gaz,435,103
49,id9,1397-06-17,Ghabz,gaz,435,103
49,id7,1397-06-17,Ghabz,gaz,435,103
49,id2,1397-06-17,Ghabz,gaz,435,62
50,id4,1397-07-22,Ghabz,gaz,480,49
50,id3,1397-07-22,Ghabz,gaz,480,82
50,id5,1397-07-22,Ghabz,gaz,480,82
50,id1,1397-07-22,Ghabz,gaz,480,82
50,id8,1397-07-22,Ghabz,gaz,480,49
50,id9,1397-07-22,Ghabz,gaz,480,82
50,id6,1397-07-22,Ghabz,gaz,480,49
53,id4,1397-11-27,Ghabz,gaz,542,77
53,id5,1397-11-27,Ghabz,gaz,542,129
53,id9,1397-11-27,Ghabz,gaz,542,129
53,id7,1397-11-27,Ghabz,gaz,542,129
53,id2,1397-11-27,Ghabz,gaz,542,77
55,id4,1398-02-14,Ghabz,gaz,487,91
55,id5,1398-02-14,Ghabz,gaz,487,152
55,id1,1398-02-14,Ghabz,gaz,487,152
55,id2,1398-02-14,Ghabz,gaz,487,91
56,id4,1398-03-22,Ghabz,gaz,605,113
56,id3,1398-03-22,Ghabz,gaz,605,189
56,id10,1398-03-22,Ghabz,gaz,605,113
56,id1,1398-03-22,Ghabz,gaz,605,189
57,id4,1398-05-04,Ghabz,gaz,559,41
57,id3,1398-05-04,Ghabz,gaz,559,69
57,id5,1398-05-04,Ghabz,gaz,559,69
57,id10,1398-05-04,Ghabz,gaz,559,41
57,id1,1398-05-04,Ghabz,gaz,559,69
57,id8,1398-05-04,Ghabz,gaz,559,41
57,id9,1398-05-04,Ghabz,gaz,559,69
57,id7,1398-05-04,Ghabz,gaz,559,69
57,id2,1398-05-04,Ghabz,gaz,559,41
57,id6,1398-05-04,Ghabz,gaz,559,41
60,id4,1398-09-03,Ghabz,gaz,521,111
60,id8,1398-09-03,Ghabz,gaz,521,111
60,id9,1398-09-03,Ghabz,gaz,521,186
60,id2,1398-09-03,Ghabz,gaz,521,111
61,id4,1398-10-08,Ghabz,gaz,811,65
61,id3,1398-10-08,Ghabz,gaz,811,109
61,id5,1398-10-08,Ghabz,gaz,811,109
61,id10,1398-10-08,Ghabz,gaz,811,65
61,id1,1398-10-08,Ghabz,gaz,811,109
61,id8,1398-10-08,Ghabz,gaz,811,65
61,id9,1398-10-08,Ghabz,gaz,811,109
61,id7,1398-10-08,Ghabz,gaz,811,109
61,id2,1398-10-08,Ghabz,gaz,811,65
62,id4,1398-11-19,Ghabz,gaz,499,71
62,id3,1398-11-19,Ghabz,gaz,499,118
62,id5,1398-11-19,Ghabz,gaz,499,118
62,id1,1398-11-19,Ghabz,gaz,499,118
62,id8,1398-11-19,Ghabz,gaz,499,71
66,id4,1399-04-24,Ghabz,gaz,524,52
66,id3,1399-04-24,Ghabz,gaz,524,87
66,id10,1399-04-24,Ghabz,gaz,524,52
66,id1,1399-04-24,Ghabz,gaz,524,87
66,id8,1399-04-24,Ghabz,gaz,524,52
66,id7,1399-04-24,Ghabz,gaz,524,87
66,id2,1399-04-24,Ghabz,gaz,524,52
66,id6,1399-04-24,Ghabz,gaz,524,52
67,id4,1397-03-03,Ghabz,avarez,2579,257
67,id3,1397-03-03,Ghabz,avarez,2579,257
67,id5,1397-03-03,Ghabz,avarez,2579,257
67,id10,1397-03-03,Ghabz,avarez,2579,257
67,id1,1397-03-03,Ghabz,avarez,2579,257
67,id8,1397-03-03,Ghabz,avarez,2579,257
67,id9,1397-03-03,Ghabz,avarez,2579,257
67,id7,1397-03-03,Ghabz,avarez,2579,257
67,id2,1397-03-03,Ghabz,avarez,2579,257
67,id6,1397-03-03,Ghabz,avarez,2579,257
68,id4,1397-09-17,Ghabz,avarez,2608,326
68,id5,1397-09-17,Ghabz,avarez,2608,326
68,id10,1397-09-17,Ghabz,avarez,2608,326
68,id1,1397-09-17,Ghabz,avarez,2608,326
68,id8,1397-09-17,Ghabz,avarez,2608,326
68,id9,1397-09-17,Ghabz,avarez,2608,326
68,id7,1397-09-17,Ghabz,avarez,2608,326
68,id6,1397-09-17,Ghabz,avarez,2608,326
69,id4,1398-01-05,Ghabz,avarez,1545,386
69,id9,1398-01-05,Ghabz,avarez,1545,386
69,id7,1398-01-05,Ghabz,avarez,1545,386
69,id2,1398-01-05,Ghabz,avarez,1545,386
71,id4,1397-02-15,nezafat,###,241,34
71,id3,1397-02-15,nezafat,###,241,34
71,id5,1397-02-15,nezafat,###,241,34
71,id10,1397-02-15,nezafat,###,241,34
71,id1,1397-02-15,nezafat,###,241,34
71,id2,1397-02-15,nezafat,###,241,34
71,id6,1397-02-15,nezafat,###,241,34
72,id4,1397-03-07,nezafat,###,244,27
72,id5,1397-03-07,nezafat,###,244,27
72,id10,1397-03-07,nezafat,###,244,27
72,id1,1397-03-07,nezafat,###,244,27
72,id8,1397-03-07,nezafat,###,244,27
72,id9,1397-03-07,nezafat,###,244,27
72,id7,1397-03-07,nezafat,###,244,27
72,id2,1397-03-07,nezafat,###,244,27
72,id6,1397-03-07,nezafat,###,244,27
73,id4,1397-03-17,nezafat,###,239,34
73,id3,1397-03-17,nezafat,###,239,34
73,id5,1397-03-17,nezafat,###,239,34
73,id10,1397-03-17,nezafat,###,239,34
73,id1,1397-03-17,nezafat,###,239,34
73,id8,1397-03-17,nezafat,###,239,34
73,id2,1397-03-17,nezafat,###,239,34
74,id4,1397-03-30,nezafat,###,233,29
74,id3,1397-03-30,nezafat,###,233,29
74,id10,1397-03-30,nezafat,###,233,29
74,id1,1397-03-30,nezafat,###,233,29
74,id8,1397-03-30,nezafat,###,233,29
74,id9,1397-03-30,nezafat,###,233,29
74,id7,1397-03-30,nezafat,###,233,29
74,id6,1397-03-30,nezafat,###,233,29
77,id4,1397-05-19,nezafat,###,229,32
77,id5,1397-05-19,nezafat,###,229,32
77,id1,1397-05-19,nezafat,###,229,32
77,id8,1397-05-19,nezafat,###,229,32
77,id9,1397-05-19,nezafat,###,229,32
77,id7,1397-05-19,nezafat,###,229,32
77,id6,1397-05-19,nezafat,###,229,32
78,id4,1397-06-06,nezafat,###,257,25
78,id3,1397-06-06,nezafat,###,257,25
78,id5,1397-06-06,nezafat,###,257,25
78,id10,1397-06-06,nezafat,###,257,25
78,id1,1397-06-06,nezafat,###,257,25
78,id8,1397-06-06,nezafat,###,257,25
78,id9,1397-06-06,nezafat,###,257,25
78,id7,1397-06-06,nezafat,###,257,25
78,id2,1397-06-06,nezafat,###,257,25
78,id6,1397-06-06,nezafat,###,257,25
79,id4,1397-06-20,nezafat,###,254,42
79,id3,1397-06-20,nezafat,###,254,42
79,id1,1397-06-20,nezafat,###,254,42
79,id8,1397-06-20,nezafat,###,254,42
79,id7,1397-06-20,nezafat,###,254,42
79,id2,1397-06-20,nezafat,###,254,42
82,id4,1397-07-27,nezafat,###,245,49
82,id10,1397-07-27,nezafat,###,245,49
82,id8,1397-07-27,nezafat,###,245,49
82,id9,1397-07-27,nezafat,###,245,49
82,id2,1397-07-27,nezafat,###,245,49
83,id4,1397-08-19,nezafat,###,244,244
84,id4,1397-08-27,nezafat,###,263,32
84,id3,1397-08-27,nezafat,###,263,32
84,id10,1397-08-27,nezafat,###,263,32
84,id1,1397-08-27,nezafat,###,263,32
84,id8,1397-08-27,nezafat,###,263,32
84,id9,1397-08-27,nezafat,###,263,32
84,id7,1397-08-27,nezafat,###,263,32
84,id2,1397-08-27,nezafat,###,263,32
85,id4,1397-09-14,nezafat,###,269,26
85,id3,1397-09-14,nezafat,###,269,26
85,id5,1397-09-14,nezafat,###,269,26
85,id10,1397-09-14,nezafat,###,269,26
85,id1,1397-09-14,nezafat,###,269,26
85,id8,1397-09-14,nezafat,###,269,26
85,id9,1397-09-14,nezafat,###,269,26
85,id7,1397-09-14,nezafat,###,269,26
85,id2,1397-09-14,nezafat,###,269,26
85,id6,1397-09-14,nezafat,###,269,26
88,id4,1397-10-26,nezafat,###,293,58
88,id3,1397-10-26,nezafat,###,293,58
88,id8,1397-10-26,nezafat,###,293,58
88,id2,1397-10-26,nezafat,###,293,58
88,id6,1397-10-26,nezafat,###,293,58
89,id4,1397-11-17,nezafat,###,276,39
89,id5,1397-11-17,nezafat,###,276,39
89,id8,1397-11-17,nezafat,###,276,39
89,id9,1397-11-17,nezafat,###,276,39
89,id7,1397-11-17,nezafat,###,276,39
89,id2,1397-11-17,nezafat,###,276,39
89,id6,1397-11-17,nezafat,###,276,39
90,id4,1397-12-03,nezafat,###,276,27
90,id3,1397-12-03,nezafat,###,276,27
90,id5,1397-12-03,nezafat,###,276,27
90,id10,1397-12-03,nezafat,###,276,27
90,id1,1397-12-03,nezafat,###,276,27
90,id8,1397-12-03,nezafat,###,276,27
90,id9,1397-12-03,nezafat,###,276,27
90,id7,1397-12-03,nezafat,###,276,27
90,id2,1397-12-03,nezafat,###,276,27
90,id6,1397-12-03,nezafat,###,276,27
91,id4,1397-12-14,nezafat,###,289,36
91,id5,1397-12-14,nezafat,###,289,36
91,id1,1397-12-14,nezafat,###,289,36
91,id8,1397-12-14,nezafat,###,289,36
91,id9,1397-12-14,nezafat,###,289,36
91,id7,1397-12-14,nezafat,###,289,36
91,id2,1397-12-14,nezafat,###,289,36
91,id6,1397-12-14,nezafat,###,289,36
94,id4,1398-01-29,nezafat,###,293,29
94,id3,1398-01-29,nezafat,###,293,29
94,id5,1398-01-29,nezafat,###,293,29
94,id10,1398-01-29,nezafat,###,293,29
94,id1,1398-01-29,nezafat,###,293,29
94,id8,1398-01-29,nezafat,###,293,29
94,id9,1398-01-29,nezafat,###,293,29
94,id7,1398-01-29,nezafat,###,293,29
94,id2,1398-01-29,nezafat,###,293,29
94,id6,1398-01-29,nezafat,###,293,29
95,id4,1398-02-17,nezafat,###,310,38
95,id5,1398-02-17,nezafat,###,310,38
95,id1,1398-02-17,nezafat,###,310,38
95,id8,1398-02-17,nezafat,###,310,38
95,id9,1398-02-17,nezafat,###,310,38
95,id7,1398-02-17,nezafat,###,310,38
95,id2,1398-02-17,nezafat,###,310,38
95,id6,1398-02-17,nezafat,###,310,38
98,id4,1398-04-02,nezafat,###,287,31
98,id3,1398-04-02,nezafat,###,287,31
98,id5,1398-04-02,nezafat,###,287,31
98,id10,1398-04-02,nezafat,###,287,31
98,id1,1398-04-02,nezafat,###,287,31
98,id8,1398-04-02,nezafat,###,287,31
98,id9,1398-04-02,nezafat,###,287,31
98,id7,1398-04-02,nezafat,###,287,31
98,id6,1398-04-02,nezafat,###,287,31
99,id4,1398-04-08,nezafat,###,298,37
99,id3,1398-04-08,nezafat,###,298,37
99,id5,1398-04-08,nezafat,###,298,37
99,id1,1398-04-08,nezafat,###,298,37
99,id8,1398-04-08,nezafat,###,298,37
99,id9,1398-04-08,nezafat,###,298,37
99,id2,1398-04-08,nezafat,###,298,37
99,id6,1398-04-08,nezafat,###,298,37
100,id4,1398-04-26,nezafat,###,301,50
100,id3,1398-04-26,nezafat,###,301,50
100,id5,1398-04-26,nezafat,###,301,50
100,id10,1398-04-26,nezafat,###,301,50
100,id8,1398-04-26,nezafat,###,301,50
100,id9,1398-04-26,nezafat,###,301,50
101,id4,1398-05-17,nezafat,###,300,60
101,id5,1398-05-17,nezafat,###,300,60
101,id8,1398-05-17,nezafat,###,300,60
101,id9,1398-05-17,nezafat,###,300,60
101,id6,1398-05-17,nezafat,###,300,60
103,id4,1398-06-08,nezafat,###,294,49
103,id5,1398-06-08,nezafat,###,294,49
103,id10,1398-06-08,nezafat,###,294,49
103,id8,1398-06-08,nezafat,###,294,49
103,id7,1398-06-08,nezafat,###,294,49
103,id6,1398-06-08,nezafat,###,294,49
104,id4,1398-06-23,nezafat,###,295,42
104,id5,1398-06-23,nezafat,###,295,42
104,id10,1398-06-23,nezafat,###,295,42
104,id8,1398-06-23,nezafat,###,295,42
104,id7,1398-06-23,nezafat,###,295,42
104,id2,1398-06-23,nezafat,###,295,42
104,id6,1398-06-23,nezafat,###,295,42
109,id4,1398-09-15,nezafat,###,321,32
109,id3,1398-09-15,nezafat,###,321,32
109,id5,1398-09-15,nezafat,###,321,32
109,id10,1398-09-15,nezafat,###,321,32
109,id1,1398-09-15,nezafat,###,321,32
109,id8,1398-09-15,nezafat,###,321,32
109,id9,1398-09-15,nezafat,###,321,32
109,id7,1398-09-15,nezafat,###,321,32
109,id2,1398-09-15,nezafat,###,321,32
109,id6,1398-09-15,nezafat,###,321,32
110,id4,1398-09-27,nezafat,###,318,159
110,id8,1398-09-27,nezafat,###,318,159
111,id4,1398-10-12,nezafat,###,316,39
111,id5,1398-10-12,nezafat,###,316,39
111,id10,1398-10-12,nezafat,###,316,39
111,id1,1398-10-12,nezafat,###,316,39
111,id8,1398-10-12,nezafat,###,316,39
111,id7,1398-10-12,nezafat,###,316,39
111,id2,1398-10-12,nezafat,###,316,39
111,id6,1398-10-12,nezafat,###,316,39
112,id4,1398-10-30,nezafat,###,316,63
112,id3,1398-10-30,nezafat,###,316,63
112,id5,1398-10-30,nezafat,###,316,63
112,id10,1398-10-30,nezafat,###,316,63
112,id9,1398-10-30,nezafat,###,316,63
113,id4,1398-11-09,nezafat,###,346,43
113,id3,1398-11-09,nezafat,###,346,43
113,id5,1398-11-09,nezafat,###,346,43
113,id1,1398-11-09,nezafat,###,346,43
113,id8,1398-11-09,nezafat,###,346,43
113,id7,1398-11-09,nezafat,###,346,43
113,id2,1398-11-09,nezafat,###,346,43
113,id6,1398-11-09,nezafat,###,346,43
115,id4,1398-12-14,nezafat,###,314,34
115,id3,1398-12-14,nezafat,###,314,34
115,id5,1398-12-14,nezafat,###,314,34
115,id10,1398-12-14,nezafat,###,314,34
115,id1,1398-12-14,nezafat,###,314,34
115,id8,1398-12-14,nezafat,###,314,34
115,id9,1398-12-14,nezafat,###,314,34
115,id7,1398-12-14,nezafat,###,314,34
115,id6,1398-12-14,nezafat,###,314,34
116,id4,1398-12-27,nezafat,###,377,75
116,id3,1398-12-27,nezafat,###,377,75
116,id5,1398-12-27,nezafat,###,377,75
116,id10,1398-12-27,nezafat,###,377,75
116,id8,1398-12-27,nezafat,###,377,75
118,id4,1399-01-25,nezafat,###,341,42
118,id3,1399-01-25,nezafat,###,341,42
118,id5,1399-01-25,nezafat,###,341,42
118,id10,1399-01-25,nezafat,###,341,42
118,id1,1399-01-25,nezafat,###,341,42
118,id9,1399-01-25,nezafat,###,341,42
118,id7,1399-01-25,nezafat,###,341,42
118,id6,1399-01-25,nezafat,###,341,42
119,id4,1397-03-12,asansor,###,2283,228
119,id3,1397-03-12,asansor,###,2283,228
119,id5,1397-03-12,asansor,###,2283,228
119,id10,1397-03-12,asansor,###,2283,228
119,id1,1397-03-12,asansor,###,2283,228
119,id8,1397-03-12,asansor,###,2283,228
119,id9,1397-03-12,asansor,###,2283,228
119,id7,1397-03-12,asansor,###,2283,228
119,id2,1397-03-12,asansor,###,2283,228
119,id6,1397-03-12,asansor,###,2283,228
120,id4,1397-08-07,asansor,###,462,46
120,id3,1397-08-07,asansor,###,462,46
120,id5,1397-08-07,asansor,###,462,46
120,id10,1397-08-07,asansor,###,462,46
120,id1,1397-08-07,asansor,###,462,46
120,id8,1397-08-07,asansor,###,462,46
120,id9,1397-08-07,asansor,###,462,46
120,id7,1397-08-07,asansor,###,462,46
120,id2,1397-08-07,asansor,###,462,46
120,id6,1397-08-07,asansor,###,462,46
121,id4,1398-02-24,asansor,###,909,90
121,id3,1398-02-24,asansor,###,909,90
121,id5,1398-02-24,asansor,###,909,90
121,id10,1398-02-24,asansor,###,909,90
121,id1,1398-02-24,asansor,###,909,90
121,id8,1398-02-24,asansor,###,909,90
121,id9,1398-02-24,asansor,###,909,90
121,id7,1398-02-24,asansor,###,909,90
121,id2,1398-02-24,asansor,###,909,90
121,id6,1398-02-24,asansor,###,909,90
122,id4,1398-09-19,asansor,###,4084,408
122,id3,1398-09-19,asansor,###,4084,408
122,id5,1398-09-19,asansor,###,4084,408
122,id10,1398-09-19,asansor,###,4084,408
122,id1,1398-09-19,asansor,###,4084,408
122,id8,1398-09-19,asansor,###,4084,408
122,id9,1398-09-19,asansor,###,4084,408
122,id7,1398-09-19,asansor,###,4084,408
122,id2,1398-09-19,asansor,###,4084,408
122,id6,1398-09-19,asansor,###,4084,408
123,id4,1397-06-15,parking,###,147,12
123,id3,1397-06-15,parking,###,147,12
123,id5,1397-06-15,parking,###,147,6
123,id10,1397-06-15,parking,###,147,12
123,id1,1397-06-15,parking,###,147,12
123,id8,1397-06-15,parking,###,147,12
123,id9,1397-06-15,parking,###,147,6
123,id7,1397-06-15,parking,###,147,12
123,id2,1397-06-15,parking,###,147,12
123,id6,1397-06-15,parking,###,147,12
124,id4,1398-02-31,parking,###,408,12
124,id3,1398-02-31,parking,###,408,12
124,id5,1398-02-31,parking,###,408,6
124,id10,1398-02-31,parking,###,408,12
124,id1,1398-02-31,parking,###,408,12
124,id8,1398-02-31,parking,###,408,12
124,id9,1398-02-31,parking,###,408,6
124,id7,1398-02-31,parking,###,408,12
124,id2,1398-02-31,parking,###,408,12
124,id6,1398-02-31,parking,###,408,12
125,id4,1398-10-21,parking,###,14,12
125,id3,1398-10-21,parking,###,14,12
125,id5,1398-10-21,parking,###,14,6
125,id10,1398-10-21,parking,###,14,12
125,id1,1398-10-21,parking,###,14,12
125,id8,1398-10-21,parking,###,14,12
125,id9,1398-10-21,parking,###,14,6
125,id7,1398-10-21,parking,###,14,12
125,id2,1398-10-21,parking,###,14,12
125,id6,1398-10-21,parking,###,14,12
126,id4,1397-01-18,tamirat,###,155,15
126,id3,1397-01-18,tamirat,###,155,15
126,id5,1397-01-18,tamirat,###,155,15
126,id10,1397-01-18,tamirat,###,155,15
126,id1,1397-01-18,tamirat,###,155,15
126,id8,1397-01-18,tamirat,###,155,15
126,id9,1397-01-18,tamirat,###,155,15
126,id7,1397-01-18,tamirat,###,155,15
126,id2,1397-01-18,tamirat,###,155,15
126,id6,1397-01-18,tamirat,###,155,15
127,id4,1397-03-26,tamirat,###,158,15
127,id3,1397-03-26,tamirat,###,158,15
127,id5,1397-03-26,tamirat,###,158,15
127,id10,1397-03-26,tamirat,###,158,15
127,id1,1397-03-26,tamirat,###,158,15
127,id8,1397-03-26,tamirat,###,158,15
127,id9,1397-03-26,tamirat,###,158,15
127,id7,1397-03-26,tamirat,###,158,15
127,id2,1397-03-26,tamirat,###,158,15
127,id6,1397-03-26,tamirat,###,158,15
128,id4,1397-05-12,tamirat,###,157,15
128,id3,1397-05-12,tamirat,###,157,15
128,id5,1397-05-12,tamirat,###,157,15
128,id10,1397-05-12,tamirat,###,157,15
128,id1,1397-05-12,tamirat,###,157,15
128,id8,1397-05-12,tamirat,###,157,15
128,id9,1397-05-12,tamirat,###,157,15
128,id7,1397-05-12,tamirat,###,157,15
128,id2,1397-05-12,tamirat,###,157,15
128,id6,1397-05-12,tamirat,###,157,15
129,id4,1397-07-17,tamirat,###,247,24
129,id3,1397-07-17,tamirat,###,247,24
129,id5,1397-07-17,tamirat,###,247,24
129,id10,1397-07-17,tamirat,###,247,24
129,id1,1397-07-17,tamirat,###,247,24
129,id8,1397-07-17,tamirat,###,247,24
129,id9,1397-07-17,tamirat,###,247,24
129,id7,1397-07-17,tamirat,###,247,24
129,id2,1397-07-17,tamirat,###,247,24
129,id6,1397-07-17,tamirat,###,247,24
130,id4,1397-09-20,tamirat,###,195,19
130,id3,1397-09-20,tamirat,###,195,19
130,id5,1397-09-20,tamirat,###,195,19
130,id10,1397-09-20,tamirat,###,195,19
130,id1,1397-09-20,tamirat,###,195,19
130,id8,1397-09-20,tamirat,###,195,19
130,id9,1397-09-20,tamirat,###,195,19
130,id7,1397-09-20,tamirat,###,195,19
130,id2,1397-09-20,tamirat,###,195,19
130,id6,1397-09-20,tamirat,###,195,19
131,id4,1397-12-25,tamirat,###,228,22
131,id3,1397-12-25,tamirat,###,228,22
131,id5,1397-12-25,tamirat,###,228,22
131,id10,1397-12-25,tamirat,###,228,22
131,id1,1397-12-25,tamirat,###,228,22
131,id8,1397-12-25,tamirat,###,228,22
131,id9,1397-12-25,tamirat,###,228,22
131,id7,1397-12-25,tamirat,###,228,22
131,id2,1397-12-25,tamirat,###,228,22
131,id6,1397-12-25,tamirat,###,228,22
132,id4,1398-02-12,tamirat,###,253,25
132,id3,1398-02-12,tamirat,###,253,25
132,id5,1398-02-12,tamirat,###,253,25
132,id10,1398-02-12,tamirat,###,253,25
132,id1,1398-02-12,tamirat,###,253,25
132,id8,1398-02-12,tamirat,###,253,25
132,id9,1398-02-12,tamirat,###,253,25
132,id7,1398-02-12,tamirat,###,253,25
132,id2,1398-02-12,tamirat,###,253,25
132,id6,1398-02-12,tamirat,###,253,25
133,id4,1398-04-03,tamirat,###,338,33
133,id3,1398-04-03,tamirat,###,338,33
133,id5,1398-04-03,tamirat,###,338,33
133,id10,1398-04-03,tamirat,###,338,33
133,id1,1398-04-03,tamirat,###,338,33
133,id8,1398-04-03,tamirat,###,338,33
133,id9,1398-04-03,tamirat,###,338,33
133,id7,1398-04-03,tamirat,###,338,33
133,id2,1398-04-03,tamirat,###,338,33
133,id6,1398-04-03,tamirat,###,338,33
134,id4,1398-06-07,tamirat,###,222,22
134,id3,1398-06-07,tamirat,###,222,22
134,id5,1398-06-07,tamirat,###,222,22
134,id10,1398-06-07,tamirat,###,222,22
134,id1,1398-06-07,tamirat,###,222,22
134,id8,1398-06-07,tamirat,###,222,22
134,id9,1398-06-07,tamirat,###,222,22
134,id7,1398-06-07,tamirat,###,222,22
134,id2,1398-06-07,tamirat,###,222,22
134,id6,1398-06-07,tamirat,###,222,22
135,id4,1398-08-20,tamirat,###,159,15
135,id3,1398-08-20,tamirat,###,159,15
135,id5,1398-08-20,tamirat,###,159,15
135,id10,1398-08-20,tamirat,###,159,15
135,id1,1398-08-20,tamirat,###,159,15
135,id8,1398-08-20,tamirat,###,159,15
135,id9,1398-08-20,tamirat,###,159,15
135,id7,1398-08-20,tamirat,###,159,15
135,id2,1398-08-20,tamirat,###,159,15
135,id6,1398-08-20,tamirat,###,159,15
136,id4,1398-09-30,tamirat,###,393,39
136,id3,1398-09-30,tamirat,###,393,39
136,id5,1398-09-30,tamirat,###,393,39
136,id10,1398-09-30,tamirat,###,393,39
136,id1,1398-09-30,tamirat,###,393,39
136,id8,1398-09-30,tamirat,###,393,39
136,id9,1398-09-30,tamirat,###,393,39
136,id7,1398-09-30,tamirat,###,393,39
136,id2,1398-09-30,tamirat,###,393,39
136,id6,1398-09-30,tamirat,###,393,39
137,id4,1399-01-07,tamirat,###,354,35
137,id3,1399-01-07,tamirat,###,354,35
137,id5,1399-01-07,tamirat,###,354,35
137,id10,1399-01-07,tamirat,###,354,35
137,id1,1399-01-07,tamirat,###,354,35
137,id8,1399-01-07,tamirat,###,354,35
137,id9,1399-01-07,tamirat,###,354,35
137,id7,1399-01-07,tamirat,###,354,35
137,id2,1399-01-07,tamirat,###,354,35
137,id6,1399-01-07,tamirat,###,354,35
138,id4,1399-02-22,tamirat,###,302,30
138,id3,1399-02-22,tamirat,###,302,30
138,id5,1399-02-22,tamirat,###,302,30
138,id10,1399-02-22,tamirat,###,302,30
138,id1,1399-02-22,tamirat,###,302,30
138,id8,1399-02-22,tamirat,###,302,30
138,id9,1399-02-22,tamirat,###,302,30
138,id7,1399-02-22,tamirat,###,302,30
138,id2,1399-02-22,tamirat,###,302,30
138,id6,1399-02-22,tamirat,###,302,30
139,id4,1397-03-07,other,###,121,12
139,id3,1397-03-07,other,###,121,12
139,id5,1397-03-07,other,###,121,12
139,id10,1397-03-07,other,###,121,12
139,id1,1397-03-07,other,###,121,12
139,id8,1397-03-07,other,###,121,12
139,id9,1397-03-07,other,###,121,12
139,id7,1397-03-07,other,###,121,12
139,id2,1397-03-07,other,###,121,12
139,id6,1397-03-07,other,###,121,12
141,id4,1397-06-27,other,###,151,37
141,id5,1397-06-27,other,###,151,37
141,id7,1397-06-27,other,###,151,37
141,id2,1397-06-27,other,###,151,37
144,id4,1398-02-06,other,###,157,39
144,id10,1398-02-06,other,###,157,39
144,id8,1398-02-06,other,###,157,39
144,id2,1398-02-06,other,###,157,39
145,id4,1398-06-05,other,###,167,23
145,id5,1398-06-05,other,###,167,23
145,id1,1398-06-05,other,###,167,23
145,id9,1398-06-05,other,###,167,23
145,id7,1398-06-05,other,###,167,23
145,id2,1398-06-05,other,###,167,23
145,id6,1398-06-05,other,###,167,23
146,id4,1398-08-19,other,###,169,28
146,id3,1398-08-19,other,###,169,28
146,id10,1398-08-19,other,###,169,28
146,id1,1398-08-19,other,###,169,28
146,id8,1398-08-19,other,###,169,28
146,id6,1398-08-19,other,###,169,28
147,id4,1398-09-13,other,###,174,24
147,id5,1398-09-13,other,###,174,24
147,id10,1398-09-13,other,###,174,24
147,id1,1398-09-13,other,###,174,24
147,id8,1398-09-13,other,###,174,24
147,id9,1398-09-13,other,###,174,24
147,id2,1398-09-13,other,###,174,24
148,id4,1399-01-22,other,###,211,26
148,id3,1399-01-22,other,###,211,26
148,id10,1399-01-22,other,###,211,26
148,id1,1399-01-22,other,###,211,26
148,id8,1399-01-22,other,###,211,26
148,id7,1399-01-22,other,###,211,26
148,id2,1399-01-22,other,###,211,26
148,id6,1399-01-22,other,###,211,26
2,id3,1397-03-14,Ghabz,Water,230,57
2,id5,1397-03-14,Ghabz,Water,230,100
2,id1,1397-03-14,Ghabz,Water,230,28
2,id6,1397-03-14,Ghabz,Water,230,43
7,id3,1397-08-07,Ghabz,Water,275,68
7,id10,1397-08-07,Ghabz,Water,275,85
7,id9,1397-08-07,Ghabz,Water,275,85
7,id7,1397-08-07,Ghabz,Water,275,34
8,id3,1397-09-07,Ghabz,Water,321,49
8,id10,1397-09-07,Ghabz,Water,321,61
8,id1,1397-09-07,Ghabz,Water,321,24
8,id8,1397-09-07,Ghabz,Water,321,74
8,id9,1397-09-07,Ghabz,Water,321,61
8,id2,1397-09-07,Ghabz,Water,321,12
8,id6,1397-09-07,Ghabz,Water,321,37
9,id3,1397-10-08,Ghabz,Water,438,58
9,id5,1397-10-08,Ghabz,Water,438,102
9,id1,1397-10-08,Ghabz,Water,438,29
9,id8,1397-10-08,Ghabz,Water,438,87
9,id9,1397-10-08,Ghabz,Water,438,73
9,id7,1397-10-08,Ghabz,Water,438,29
9,id2,1397-10-08,Ghabz,Water,438,14
9,id6,1397-10-08,Ghabz,Water,438,43
10,id3,1397-11-09,Ghabz,Water,346,46
10,id5,1397-11-09,Ghabz,Water,346,80
10,id1,1397-11-09,Ghabz,Water,346,23
10,id8,1397-11-09,Ghabz,Water,346,69
10,id9,1397-11-09,Ghabz,Water,346,57
10,id7,1397-11-09,Ghabz,Water,346,23
10,id2,1397-11-09,Ghabz,Water,346,11
10,id6,1397-11-09,Ghabz,Water,346,34
15,id3,1398-04-08,Ghabz,Water,329,50
15,id5,1398-04-08,Ghabz,Water,329,88
15,id8,1398-04-08,Ghabz,Water,329,75
15,id9,1398-04-08,Ghabz,Water,329,63
15,id2,1398-04-08,Ghabz,Water,329,12
15,id6,1398-04-08,Ghabz,Water,329,37
20,id3,1398-09-01,Ghabz,Water,282,45
20,id5,1398-09-01,Ghabz,Water,282,78
20,id1,1398-09-01,Ghabz,Water,282,22
20,id8,1398-09-01,Ghabz,Water,282,67
20,id9,1398-09-01,Ghabz,Water,282,56
20,id2,1398-09-01,Ghabz,Water,282,11
21,id3,1398-09-30,Ghabz,Water,436,158
21,id9,1398-09-30,Ghabz,Water,436,198
21,id7,1398-09-30,Ghabz,Water,436,79
22,id3,1398-11-01,Ghabz,Water,352,46
22,id5,1398-11-01,Ghabz,Water,352,82
22,id10,1398-11-01,Ghabz,Water,352,58
22,id8,1398-11-01,Ghabz,Water,352,70
22,id9,1398-11-01,Ghabz,Water,352,58
22,id6,1398-11-01,Ghabz,Water,352,35
26,id3,1399-03-02,Ghabz,Water,300,200
26,id1,1399-03-02,Ghabz,Water,300,100
28,id3,1397-02-28,Ghabz,bargh,80,12
28,id10,1397-02-28,Ghabz,bargh,80,16
28,id1,1397-02-28,Ghabz,bargh,80,6
28,id8,1397-02-28,Ghabz,bargh,80,19
28,id9,1397-02-28,Ghabz,bargh,80,16
28,id6,1397-02-28,Ghabz,bargh,80,9
34,id3,1397-11-18,Ghabz,bargh,119,17
34,id5,1397-11-18,Ghabz,bargh,119,29
34,id10,1397-11-18,Ghabz,bargh,119,21
34,id8,1397-11-18,Ghabz,bargh,119,25
34,id9,1397-11-18,Ghabz,bargh,119,21
34,id2,1397-11-18,Ghabz,bargh,119,4
40,id3,1398-08-18,Ghabz,bargh,120,26
40,id10,1398-08-18,Ghabz,bargh,120,33
40,id9,1398-08-18,Ghabz,bargh,120,33
40,id2,1398-08-18,Ghabz,bargh,120,6
40,id6,1398-08-18,Ghabz,bargh,120,20
44,id3,1399-02-12,Ghabz,bargh,162,22
44,id5,1399-02-12,Ghabz,bargh,162,39
44,id10,1399-02-12,Ghabz,bargh,162,27
44,id1,1399-02-12,Ghabz,bargh,162,11
44,id9,1399-02-12,Ghabz,bargh,162,27
44,id7,1399-02-12,Ghabz,bargh,162,11
44,id2,1399-02-12,Ghabz,bargh,162,5
44,id6,1399-02-12,Ghabz,bargh,162,16
46,id3,1397-02-23,Ghabz,gaz,518,70
46,id5,1397-02-23,Ghabz,gaz,518,70
46,id10,1397-02-23,Ghabz,gaz,518,42
46,id1,1397-02-23,Ghabz,gaz,518,70
46,id8,1397-02-23,Ghabz,gaz,518,42
46,id9,1397-02-23,Ghabz,gaz,518,70
46,id7,1397-02-23,Ghabz,gaz,518,70
46,id2,1397-02-23,Ghabz,gaz,518,42
46,id6,1397-02-23,Ghabz,gaz,518,42
54,id3,1398-01-07,Ghabz,gaz,331,48
54,id5,1398-01-07,Ghabz,gaz,331,48
54,id10,1398-01-07,Ghabz,gaz,331,29
54,id1,1398-01-07,Ghabz,gaz,331,48
54,id8,1398-01-07,Ghabz,gaz,331,29
54,id9,1398-01-07,Ghabz,gaz,331,48
54,id7,1398-01-07,Ghabz,gaz,331,48
54,id6,1398-01-07,Ghabz,gaz,331,29
58,id3,1398-06-08,Ghabz,gaz,717,96
58,id5,1398-06-08,Ghabz,gaz,717,96
58,id10,1398-06-08,Ghabz,gaz,717,58
58,id1,1398-06-08,Ghabz,gaz,717,96
58,id8,1398-06-08,Ghabz,gaz,717,58
58,id9,1398-06-08,Ghabz,gaz,717,96
58,id7,1398-06-08,Ghabz,gaz,717,96
58,id2,1398-06-08,Ghabz,gaz,717,58
58,id6,1398-06-08,Ghabz,gaz,717,58
64,id3,1399-02-13,Ghabz,gaz,613,235
64,id8,1399-02-13,Ghabz,gaz,613,141
64,id9,1399-02-13,Ghabz,gaz,613,235
75,id3,1397-04-15,nezafat,###,254,50
75,id10,1397-04-15,nezafat,###,254,50
75,id8,1397-04-15,nezafat,###,254,50
75,id7,1397-04-15,nezafat,###,254,50
75,id2,1397-04-15,nezafat,###,254,50
76,id3,1397-05-01,nezafat,###,252,84
76,id8,1397-05-01,nezafat,###,252,84
76,id7,1397-05-01,nezafat,###,252,84
80,id3,1397-06-26,nezafat,###,230,46
80,id1,1397-06-26,nezafat,###,230,46
80,id8,1397-06-26,nezafat,###,230,46
80,id9,1397-06-26,nezafat,###,230,46
80,id2,1397-06-26,nezafat,###,230,46
81,id3,1397-07-17,nezafat,###,248,49
81,id5,1397-07-17,nezafat,###,248,49
81,id10,1397-07-17,nezafat,###,248,49
81,id1,1397-07-17,nezafat,###,248,49
81,id7,1397-07-17,nezafat,###,248,49
86,id3,1397-10-04,nezafat,###,252,50
86,id1,1397-10-04,nezafat,###,252,50
86,id9,1397-10-04,nezafat,###,252,50
86,id2,1397-10-04,nezafat,###,252,50
86,id6,1397-10-04,nezafat,###,252,50
92,id3,1397-12-26,nezafat,###,275,34
92,id5,1397-12-26,nezafat,###,275,34
92,id10,1397-12-26,nezafat,###,275,34
92,id8,1397-12-26,nezafat,###,275,34
92,id9,1397-12-26,nezafat,###,275,34
92,id7,1397-12-26,nezafat,###,275,34
92,id2,1397-12-26,nezafat,###,275,34
92,id6,1397-12-26,nezafat,###,275,34
93,id3,1398-01-21,nezafat,###,281,35
93,id5,1398-01-21,nezafat,###,281,35
93,id10,1398-01-21,nezafat,###,281,35
93,id1,1398-01-21,nezafat,###,281,35
93,id9,1398-01-21,nezafat,###,281,35
93,id7,1398-01-21,nezafat,###,281,35
93,id2,1398-01-21,nezafat,###,281,35
93,id6,1398-01-21,nezafat,###,281,35
102,id3,1398-05-27,nezafat,###,292,97
102,id1,1398-05-27,nezafat,###,292,97
102,id7,1398-05-27,nezafat,###,292,97
106,id3,1398-07-20,nezafat,###,316,52
106,id5,1398-07-20,nezafat,###,316,52
106,id10,1398-07-20,nezafat,###,316,52
106,id8,1398-07-20,nezafat,###,316,52
106,id7,1398-07-20,nezafat,###,316,52
106,id6,1398-07-20,nezafat,###,316,52
108,id3,1398-08-27,nezafat,###,301,50
108,id5,1398-08-27,nezafat,###,301,50
108,id8,1398-08-27,nezafat,###,301,50
108,id9,1398-08-27,nezafat,###,301,50
108,id7,1398-08-27,nezafat,###,301,50
108,id2,1398-08-27,nezafat,###,301,50
142,id3,1397-10-03,other,###,145,24
142,id5,1397-10-03,other,###,145,24
142,id8,1397-10-03,other,###,145,24
142,id7,1397-10-03,other,###,145,24
142,id2,1397-10-03,other,###,145,24
142,id6,1397-10-03,other,###,145,24
149,id3,1399-02-30,other,###,234,117
149,id2,1399-02-30,other,###,234,117
3,id5,1397-04-09,Ghabz,Water,211,59
3,id10,1397-04-09,Ghabz,Water,211,42
3,id1,1397-04-09,Ghabz,Water,211,16
3,id9,1397-04-09,Ghabz,Water,211,42
3,id7,1397-04-09,Ghabz,Water,211,16
3,id2,1397-04-09,Ghabz,Water,211,8
3,id6,1397-04-09,Ghabz,Water,211,25
6,id5,1397-07-08,Ghabz,Water,250,79
6,id10,1397-07-08,Ghabz,Water,250,56
6,id8,1397-07-08,Ghabz,Water,250,68
6,id2,1397-07-08,Ghabz,Water,250,11
6,id6,1397-07-08,Ghabz,Water,250,34
41,id5,1398-10-02,Ghabz,bargh,123,61
41,id1,1398-10-02,Ghabz,bargh,123,17
41,id9,1398-10-02,Ghabz,bargh,123,43
51,id5,1397-09-07,Ghabz,gaz,441,122
51,id1,1397-09-07,Ghabz,gaz,441,122
51,id8,1397-09-07,Ghabz,gaz,441,73
51,id9,1397-09-07,Ghabz,gaz,441,122
63,id5,1399-01-04,Ghabz,gaz,562,255
63,id8,1399-01-04,Ghabz,gaz,562,153
63,id6,1399-01-04,Ghabz,gaz,562,153
65,id5,1399-03-15,Ghabz,gaz,488,488
70,id5,1398-07-12,Ghabz,avarez,2628,657
70,id10,1398-07-12,Ghabz,avarez,2628,657
70,id8,1398-07-12,Ghabz,avarez,2628,657
70,id6,1398-07-12,Ghabz,avarez,2628,657
105,id5,1398-07-09,nezafat,###,319,79
105,id7,1398-07-09,nezafat,###,319,79
105,id2,1398-07-09,nezafat,###,319,79
105,id6,1398-07-09,nezafat,###,319,79
107,id5,1398-08-11,nezafat,###,302,50
107,id1,1398-08-11,nezafat,###,302,50
107,id8,1398-08-11,nezafat,###,302,50
107,id9,1398-08-11,nezafat,###,302,50
107,id7,1398-08-11,nezafat,###,302,50
107,id2,1398-08-11,nezafat,###,302,50
114,id5,1398-11-23,nezafat,###,308,154
114,id1,1398-11-23,nezafat,###,308,154
117,id5,1399-01-12,nezafat,###,342,57
117,id1,1399-01-12,nezafat,###,342,57
117,id8,1399-01-12,nezafat,###,342,57
117,id7,1399-01-12,nezafat,###,342,57
117,id2,1399-01-12,nezafat,###,342,57
117,id6,1399-01-12,nezafat,###,342,57
143,id5,1397-12-13,other,###,167,33
143,id10,1397-12-13,other,###,167,33
143,id8,1397-12-13,other,###,167,33
143,id2,1397-12-13,other,###,167,33
143,id6,1397-12-13,other,###,167,33
47,id10,1397-03-29,Ghabz,gaz,562,105
47,id1,1397-03-29,Ghabz,gaz,562,175
47,id7,1397-03-29,Ghabz,gaz,562,175
47,id2,1397-03-29,Ghabz,gaz,562,105
59,id10,1398-07-16,Ghabz,gaz,505,252
59,id8,1398-07-16,Ghabz,gaz,505,252
96,id10,1398-03-01,nezafat,###,284,47
96,id1,1398-03-01,nezafat,###,284,47
96,id8,1398-03-01,nezafat,###,284,47
96,id9,1398-03-01,nezafat,###,284,47
96,id7,1398-03-01,nezafat,###,284,47
96,id6,1398-03-01,nezafat,###,284,47
97,id10,1398-03-18,nezafat,###,301,100
97,id1,1398-03-18,nezafat,###,301,100
97,id8,1398-03-18,nezafat,###,301,100
140,id10,1397-04-28,other,###,133,33
140,id1,1397-04-28,other,###,133,33
140,id7,1397-04-28,other,###,133,33
140,id2,1397-04-28,other,###,133,33
29,id1,1397-04-08,Ghabz,bargh,124,20
29,id9,1397-04-08,Ghabz,bargh,124,51
29,id7,1397-04-08,Ghabz,bargh,124,20
29,id6,1397-04-08,Ghabz,bargh,124,31
52,id1,1397-10-18,Ghabz,gaz,275,171
52,id8,1397-10-18,Ghabz,gaz,275,103
87,id1,1397-10-18,nezafat,###,255,63
87,id8,1397-10-18,nezafat,###,255,63
87,id2,1397-10-18,nezafat,###,255,63
87,id6,1397-10-18,nezafat,###,255,63
14,id8,1398-03-09,Ghabz,Water,451,270
14,id2,1398-03-09,Ghabz,Water,451,45
14,id6,1398-03-09,Ghabz,Water,451,135
